<edmx:Edmx
    xmlns:edmx="http://schemas.microsoft.com/ado/2007/06/edmx"
    xmlns:m="http://schemas.microsoft.com/ado/2007/08/dataservices/metadata"
    xmlns:sap="http://www.sap.com/Protocols/SAPData" Version="1.0">
    <edmx:DataServices m:DataServiceVersion="2.0">
        <Schema
            xmlns="http://schemas.microsoft.com/ado/2008/09/edm" Namespace="ZD_ODTA_UI5_SRV" xml:lang="en" sap:schema-version="1">
            <EntityType Name="ZDTABLE_UI5" sap:content-version="1">
                <Key>
                    <PropertyRef Name="StudentId"/>
                    <PropertyRef Name="StuPwd"/>
                </Key>
                <Property Name="StudentId" Type="Edm.String" Nullable="false" MaxLength="20" sap:label="Student ID" sap:creatable="false" sap:updatable="false" sap:sortable="false" sap:filterable="false"/>
                <Property Name="StudentName" Type="Edm.String" Nullable="false" MaxLength="20" sap:label="Student Name" sap:creatable="false" sap:updatable="false" sap:sortable="false" sap:filterable="false"/>
                <Property Name="StudentMobile" Type="Edm.String" Nullable="false" MaxLength="20" sap:label="Mobile Number" sap:creatable="false" sap:updatable="false" sap:sortable="false" sap:filterable="false"/>
                <Property Name="StudentAddress" Type="Edm.String" Nullable="false" MaxLength="20" sap:label="Student Add" sap:creatable="false" sap:updatable="false" sap:sortable="false" sap:filterable="false"/>
                <Property Name="StuDept" Type="Edm.String" Nullable="false" MaxLength="24" sap:label="empname" sap:creatable="false" sap:updatable="false" sap:sortable="false" sap:filterable="false"/>
                <Property Name="StuPwd" Type="Edm.String" Nullable="false" MaxLength="20" sap:label="Student Name" sap:creatable="false" sap:updatable="false" sap:sortable="false" sap:filterable="false"/>
            </EntityType>
            <EntityContainer Name="ZD_ODTA_UI5_SRV_Entities" m:IsDefaultEntityContainer="true" sap:supported-formats="atom json xlsx">
                <EntitySet Name="ZDTABLE_UI5Set" EntityType="ZD_ODTA_UI5_SRV.ZDTABLE_UI5" sap:creatable="false" sap:updatable="false" sap:deletable="false" sap:pageable="false" sap:content-version="1"/>
            </EntityContainer>
            <atom:link
                xmlns:atom="http://www.w3.org/2005/Atom" rel="self" href="./sap/ZD_ODTA_UI5_SRV/$metadata"/>
                <atom:link
                    xmlns:atom="http://www.w3.org/2005/Atom" rel="latest-version" href="./sap/ZD_ODTA_UI5_SRV/$metadata"/>
                </Schema>
            </edmx:DataServices>
        </edmx:Edmx>